domain,google_mentions
trycardinal.ai,6.0
try.wideframe.com,40.0
martini.film,1030.0
condor.energy,1740.0
resonate.audio,3790.0
shofo.ai,103.0
wayco.ai,131.0
unifold.io,44.0
carrotlabs.ai,28.0
aurorincad.com,307.0
daivin.tech,42.0
grazemate.com,67.0
origami-robotics.com,77.0
librarlabs.com,41.0
therubric.ai,9.0
zymbly.com,8.0
ritivel.com,25.0
usepolymorph.com,10.0
pollinate.tech,25.0
spotpay.ai,564.0
voygr.tech,34.0
mochacare.com,10.0
tryvela.ai,79.0
veriad.com,9.0
talkingcomputers.ai,9.0
copperlane.ai,113.0
runcanary.ai,31.0
usegrade.com,47.0
silahq.com,61.0
trymaven.com,25.0
usemoda.ai,5.0
thetokencompany.com,115.0
beesafe.ai,209.0
fed10.ai,65.0
squid.energy,390.0
usecrow.ai,
scoutout.ai,43.0
bookoapp.com,97.0
corelayer.com,10.0
general.legal,175000.0
fort.cx,222.0
getbalance.ai,27.0
chasi.co,57.0
tryremy.ai,8.0
buildwithglue.com,2.0
o11.ai,1140.0
doomersion.com,6.0
sequencemkts.com,77.0
dittobio.com,40.0
servo7.com,7.0
arzule.com,39.0
voxelenergy.com,41.0
polymathlabs.ai,38.0
bubblelab.ai,483.0
heypocket.com,755.0
byteport.io,7.0
constellationspace.ai,3.0
mendral.com,55.0
axionorbital.space,309.0
oximy.com,64.0
caretta.so,144.0
samora.ai,171.0
humanarchive.ai,156.0
forum.market,7790.0
sitefire.ai,92.0
tryrobby.com,6.0
ressl.ai,500.0
emdash.sh,43.0
congruent.io,130.0
usereframe.ai,10.0
valence.trade,57.0
approxima.ai,4.0
traverse.so,7680.0
revion.inc,8.0
maywoodai.com,30.0
fenrock.ai,241.0
endclose.com,5.0
usechamber.io,99.0
patientdesk.ai,899.0
visiblsemi.com,235.0
syntheticsciences.ai,117.0
seeing-systems.com,10.0
jinba.io,310.0
usecardboard.com,165.0
pranadoc.com,60.0
rhizomeai.com,10.0
paxhistoria.co,10500.0
hex.co,1990.0
trylaurence.com,90.0
terminaluse.com,76.0
overshoot.ai,230.0
caj.al,1610.0
proximitty.ai,39.0
stilta.com,39.0
unisson.ai,10.0
incidentfox.ai,154.0
compresr.ai,241.0
opalitehealth.com,6.0
confluence.sh,175.0
mangomedical.io,3.0
paysponge.com,58.0
terranox.ai,158.0
ventura.ai,1220.0
orthogonal.com,150.0
perfectly.so,827000.0
getfern.ai,5.0
sparkles.dev,221.0
eigenpal.com,74.0
usesalus.ai,10.0
arcline-ai.com,40.0
ramain.ai,97.0
milliray.com,1.0
beyondreachlabs.com,8.0
tryoctapulse.com,10.0
codewisp.ai,257.0
ashr.io,130.0
aemon.ai,95.0
luel.ai,591.0
schedulingwiz.com,3.0
robodock.tech,25.0
skillsync.wiki,77.0
mousecat.ai,58.0
zatanna.ai,154.0
autositu.com,10.0
verdexai.com,9.0
cumuluslabs.io,63.0
tepali.com,5.0
palus.finance,278.0
21st.dev,4260.0
avoice.co,36.0
kytentech.com,28.0
zerosettle.io,76.0
usecarson.com,39.0
openspec.dev,239.0
pirislabs.io,50.0
celltype.com,41.0
trainburt.com,25.0
envariant.ai,6.0
runcascade.com,10.0
beaconhealth.ai,154.0
strandai.com,32.0
tryclam.com,29.0
protent.ai,69.0
cofia.ai,122.0
getnoetic.ai,26.0
legalos.ai,97.0
sentrial.com,90.0
10xscience.com,10.0
rev1.so,84.0
shortkit.dev,39.0
tryasimov.ai,26.0
lexius.ai,84.0
axisanalysis.com,115.0
sonarly.com,26.0
docurahealth.com,8.0
lance.live,3140.0
runanywhere.ai,971.0
lucenthq.com,66.0
rumacare.com,37.0
klausai.com,62.0
usekita.com,92.0
syntropy.io,10.0
onerobot.io,10.0
didit.me,4350.0
pantainsure.com,40.0
payna.com,8.0
origin.bio,3060.0
hlaboratories.com,10.0
helloeos.ai,4.0
valgo.ai,112.0
arcprize.org,860.0
corvera.ai,64.0
fullseam.com,10.0
catchbackcards.com,295.0
mantisbiotech.com,7.0
haladir.com,41.0
claimglide.com,2.0
inviscidai.com,25.0
ndea.com,168.0
crosslayerlabs.com,26.0
voltairlabs.com,47.0
vectorlegal.com,40.0
generalastro.com,5.0
oxus-ai.com,10.0
runcaptain.com,30.0
agenticfabriq.com,6.0
travoai.com,4.0
velum-labs.com,4.0
alt-x.co,4.0
buttoncomputer.com,41.0
pollen.cx,9.0
autumnai.com,6.0
overdrive.health,179.0
returnsignals.com,50.0
gru.space,13300.0
usebidflow.com,7.0
menza.ai,115.0
tryq2q.com,78.0
